Area (sq ft),Bedrooms,Bathrooms,Location,Age of Property,Price ($)
4964,4,3,Anthonyview,29,130056
3827,4,2,Port Anthony,72,239872
2569,4,2,Jessemouth,24,332406
2253,2,4,Maxwellland,15,761446
1460,4,4,East Marciaborough,35,912990
1529,5,1,North Josebury,40,931431
1219,5,1,West Scott,82,390268
2405,2,3,Callahanport,84,87152
1664,3,1,Warefurt,87,494726
699,3,1,Lake Abigail,52,899079
1395,5,1,Warrenfort,61,770437
898,3,3,Port Linda,27,584861
2644,5,4,West Teresaland,47,844197
1633,1,3,South Kelly,82,510378
4252,3,2,Carolview,14,587104
3224,3,1,West Charles,67,99004
3992,5,3,Smithport,47,364131
4917,2,1,New Brianmouth,100,200408
863,4,1,West Sheri,94,329743
946,5,1,Port Alexandra,87,981936
3112,2,2,Gonzaleztown,40,494455
4516,3,2,New Pamelahaven,25,175278
569,2,2,Moralesburgh,79,623829
4653,1,2,Lake Leah,22,896270
2307,5,4,Mistyland,29,92585
527,1,4,West Danielton,89,375302
4707,5,2,South Brentborough,35,810719
3570,1,1,New Joseshire,79,656482
1556,5,4,Larrytown,23,464308
3160,5,2,Jeffreyside,60,326485
3577,4,4,East Williamtown,62,411935
1518,4,3,Adamsmouth,83,907743
1132,4,1,North Mark,44,986290
2910,5,2,North Daniel,64,561723
1974,2,1,Port Emma,64,946983
4264,5,3,Joneston,52,963033
1156,1,3,Millschester,12,723124
2517,3,2,Weaverside,22,210775
2609,2,2,Jeanettefort,65,991605
1913,2,2,Jamesville,7,746156
934,1,2,Lake Rachelstad,24,117783
2820,2,4,New Dustin,5,630556
1902,2,2,Maloneburgh,52,139190
643,4,4,West Stephanietown,50,186216
2153,4,1,West Kathy,67,731190
4565,4,4,Brownland,48,635829
4645,4,1,Ritterton,77,545389
1149,1,3,Port Randy,35,733320
1678,2,4,Bentonland,69,708340
2904,4,4,New Michaelton,80,954085
3414,2,2,East Stacey,55,602283
3629,1,1,Harrisonland,14,845256
3332,2,1,East Timothymouth,31,257893
4260,2,2,North Jamesmouth,2,283745
641,1,3,South Robert,10,984810
1980,3,4,Vincentstad,55,492354
3482,2,3,Foxland,78,587670
781,4,4,New Yolanda,61,548828
3768,2,1,Craigfurt,26,533108
2695,4,3,Melissamouth,1,308948
4293,3,1,Foxport,93,983607
2225,1,1,East Robertmouth,3,352750
2855,4,3,Lindashire,91,664832
4895,4,2,Katieside,5,623455
4175,1,3,North Zachary,80,464514
2278,2,4,Dawnberg,42,173869
646,2,2,Port Christopher,50,259801
1438,3,4,Harrellchester,48,395959
4671,2,3,Teresaborough,47,220079
4680,5,1,Coreyview,9,618470
3280,2,3,Vincentton,59,146064
1607,3,3,Brianland,73,129480
644,1,4,Garciashire,24,598759
587,2,2,Rogersland,89,981879
2256,4,1,Lake Justin,92,155307
4768,2,2,South Daniel,35,221278
608,3,1,Bushfort,96,436973
855,2,4,New Donnahaven,62,165472
4426,4,3,Kimberlychester,99,732558
911,4,4,Julianmouth,60,288566
2118,3,1,Karinachester,5,995908
3703,4,3,Lake Stephanieberg,33,619084
4549,1,1,Port Lorimouth,95,164176
3596,4,3,South Edward,33,799647
853,2,4,Fitzpatrickfurt,62,925789
1268,1,4,South Angelica,46,226725
4814,5,2,Lake Ashleyside,9,744408
3448,4,4,West Valerie,6,901643
4685,4,2,Williamsburgh,28,657333
2822,3,3,Lake Katherine,51,873731
4976,3,1,Hessberg,9,647476
3612,1,3,East Tanya,13,348560
2822,2,3,Carlsonfurt,57,192684
1820,4,4,Kevinburgh,98,733805
879,2,4,Erinland,64,103717
4779,3,2,Lake Brittanyburgh,33,360516
777,3,1,South Garyland,73,935604
2050,2,4,Lake Ashley,98,308232
811,5,3,North Jamesfort,96,492220
3951,4,4,Christianville,65,299925
1470,1,3,Lake Jason,44,373901
2803,3,2,Batesshire,46,860979
2324,3,3,South Christopher,82,437537
1484,1,4,Barnesbury,56,181095
3266,1,3,West Susan,56,420954
3607,5,1,Gregoryville,6,615041
1857,5,4,North Casey,20,146061
1481,4,1,Brandonfurt,76,514695
3703,3,3,Devinburgh,15,227953
4821,4,3,East Robert,96,534026
1078,4,2,East Paul,49,652562
4854,1,4,Lindaville,12,646466
1917,4,4,West Shelby,75,137125
993,5,3,Jessicachester,71,973202
4968,1,1,New Jared,11,435888
4976,5,1,Port Carolinemouth,42,54493
4381,1,3,New Brittany,58,800737
3555,4,1,New Tammyville,16,104167
888,2,2,West Jeffrey,44,71161
1441,2,2,Foxland,23,880334
547,3,2,Lake Donald,23,522209
4188,4,1,Churchport,53,598737
1427,4,1,West Wesleyborough,96,58438
3411,3,2,Markberg,24,494963
4452,2,2,New Tim,87,357252
2946,1,2,East Heather,87,826188
4899,3,3,Garyshire,81,724158
1313,3,1,Lake Garytown,70,151831
1809,4,2,Lake Sandrachester,98,592441
4223,3,2,New Joel,12,650976
4358,1,4,North Michaelchester,16,907742
519,1,4,North Michael,36,949737
3809,3,4,New Spencermouth,59,468693
3206,3,1,East Bryan,88,379419
2746,3,2,North Larry,21,640757
4088,3,4,Port Christopher,71,201991
1132,3,3,New Nicoleland,44,280862
2210,2,3,Port Aliciaville,14,969963
4606,2,3,Brianton,72,662534
3283,3,3,Morganview,97,646641
4786,3,1,Andrademouth,18,631578
4675,3,2,Annamouth,45,968578
2726,1,4,East Rachel,33,932964
544,4,1,Port Kathy,86,418829
745,2,2,New Robert,31,790896
3654,1,2,West Keith,65,733374
1179,3,3,North Wendyview,55,857346
3656,2,3,Andrewshire,39,627726
1889,4,1,Port James,2,145730
897,5,3,Christopherfurt,49,557773
1116,4,3,Vanessaberg,13,132037
1399,3,2,West Justin,60,904219
2073,3,4,North Alexandraville,72,387659
3370,5,1,Williamstown,30,439808
1696,3,2,Changview,21,210957
3580,3,3,West Stephen,78,873766
750,2,2,West Haileybury,64,276607
1158,4,2,Adamsfurt,46,713618
922,5,2,South Timothy,99,918713
1439,1,2,Careyville,47,114281
3995,4,3,Harrellville,99,471202
3433,2,4,North Calvin,19,338855
1239,4,2,Buchananville,14,268938
4362,5,2,Kevinstad,77,375713
1509,2,3,Lake Maryfurt,18,378845
2287,5,2,East Leonard,77,894358
2027,2,2,Port Danielport,38,384537
4175,5,3,Deleonberg,78,946460
2839,5,1,East Lisa,49,191799
2798,5,2,East Rachaelmouth,30,955958
2809,1,4,Andersonberg,54,925244
4744,5,2,South Douglasburgh,92,953846
1772,3,3,East Juan,84,62660
2408,1,2,Anthonyberg,88,599771
4349,1,4,Hollymouth,4,158560
1566,5,3,Wrightshire,41,116486
4210,4,1,West Rayland,55,658168
1215,3,4,Rachelville,34,86468
4819,1,4,Lake Sophialand,73,148369
1787,4,2,South Seth,12,811675
1095,4,1,Jillfurt,32,979026
1393,1,1,North William,40,989096
2180,5,4,Colinland,45,443361
4992,4,4,Lake Stephenmouth,87,971963
1251,2,4,Juliefurt,59,939725
4747,4,3,South Kimberlyport,12,918428
954,4,2,Santiagobury,88,131969
1056,3,3,South Benjaminview,5,676219
1322,1,4,Parkertown,64,741372
625,2,1,Chaneybury,61,596956
4187,5,2,Port Kelsey,91,251812
672,5,3,Adamfort,86,336252
4453,4,3,New Donna,12,684862
3066,4,3,Sharonport,34,832215
2265,2,4,New Haileyland,9,355511
4262,4,4,Meganburgh,79,548136
1790,2,2,Andrewtown,19,466248
1718,3,1,New Shawnmouth,69,764375
3694,1,4,Lake John,84,773467
727,2,1,Jordanport,65,393543
2059,5,3,New Dianemouth,21,443119
2352,2,4,Amandaburgh,73,972341
3385,5,1,Gonzalezfurt,74,783740
3879,1,2,Lake Jessica,87,179203
1392,1,3,Christophershire,95,105438
3261,2,2,Christinetown,100,111813
1203,3,1,Curtisshire,11,629953
3960,5,4,Wallaceport,86,139951
1011,2,2,Spencermouth,41,831313
2273,3,2,Port Lisamouth,91,707151
2347,2,1,North Blake,41,432108
2367,1,3,Smithville,53,581541
3253,4,2,New Lauriehaven,51,426032
4243,5,2,Andersonland,98,694571
2484,5,3,North Gary,6,55749
4991,5,4,West Reginald,1,314769
539,5,1,North Jacqueline,40,426443
3497,2,2,Jacquelinechester,75,95814
915,2,1,North Hannah,59,288937
3401,4,3,Port Thomas,93,976113
4618,1,4,Chasebury,64,179600
957,3,2,Robertsberg,68,909519
4283,5,2,North Linda,13,381438
3955,2,3,Lake Dawn,63,357505
1370,4,3,Port Margaret,90,393070
1869,1,4,Hannahfort,93,70341
3879,3,4,Williamsside,31,156188
4076,1,4,Jacquelinefort,16,823476
1704,2,2,Charlesville,96,663036
1192,3,4,Codyland,45,802311
4907,5,1,Lake Andrew,48,133153
4155,4,1,Smithville,54,196238
4671,5,1,Kathrynfort,11,838278
2906,3,3,Alyssatown,84,737715
4000,5,2,West Brittany,21,644666
2287,3,1,North Stephen,23,325501
1790,3,4,Port Christinestad,69,351793
4479,2,2,New Blakestad,65,356313
3813,1,2,West Ellenport,34,359410
2349,1,3,Julieburgh,7,528378
2870,5,4,Port Ricardo,2,664393
1885,2,3,Jeromeshire,74,605500
4277,3,4,North Nicholasbury,83,77094
3561,4,1,West Eric,21,871965
1222,4,1,New Ian,61,610796
554,5,2,Ronaldland,32,612480
802,5,3,North Scotthaven,31,735548
2929,5,1,Wattstown,75,357811
848,2,4,Michaelton,37,979770
3540,2,2,South Yvonneland,35,899252
4880,3,4,East Patriciaborough,43,717338
3761,4,2,East Kathystad,52,432662
2777,5,2,Kellyview,69,748050
2692,5,4,New Brenda,21,706967
3372,1,4,Brianahaven,43,288108
4469,5,2,Lake Jeremiah,67,68560
1058,1,2,Patriciamouth,92,706780
2180,5,2,Montgomeryland,93,563082
4374,4,3,Port Leah,25,74521
4120,1,2,West Amberton,62,254647
4274,4,2,Colestad,98,400452
3163,5,1,West Jessica,64,178181
4131,2,1,Port Davidville,96,730707
2005,3,2,Wilsonchester,74,895553
4771,5,3,Webbfort,36,576907
1153,4,1,Silvastad,28,698550
1273,3,3,New Antonio,63,111648
1091,1,4,Craigborough,0,360093
4731,2,4,East Elizabeth,35,603928
4629,2,4,Derekfort,75,798958
4410,1,1,Mcneiltown,84,312050
1393,1,1,West Karenview,46,831932
4863,4,3,Mccarthyfort,84,299111
4745,1,3,Erikatown,15,994486
3033,1,4,Joneston,41,182186
3091,5,3,Randallland,82,834790
3878,4,3,West Justinburgh,50,656018
661,1,3,West Brian,9,108145
3821,3,3,Richardsonside,79,574900
2240,3,1,Port Kelsey,98,547718
1444,5,3,Rogerschester,64,861425
1968,4,4,South Davidmouth,51,549514
2092,4,1,South Williammouth,30,122113
2319,1,2,Lake Amyton,66,526513
4954,4,1,Port Miranda,30,647422
2516,4,4,Catherineland,70,337563
3789,4,3,Port Sarah,76,920918
4975,3,2,North Steven,25,680123
1635,5,3,Juliaview,73,361790
941,2,3,South Joeburgh,47,459740
983,3,4,New Jacquelineberg,80,187696
3634,4,2,Lake Jesus,87,149967
1013,3,2,East Natalie,92,357607
978,2,1,Thompsonview,95,330378
2503,2,2,Lake Scott,44,266333
1817,2,4,New Maryton,100,746892
2980,5,3,North Kennethchester,46,678903
3408,5,2,West Kevin,62,926807
2130,4,1,East Amyfort,96,983726
3208,2,3,East James,87,936261
2417,1,1,Lake Leahton,3,115137
778,5,4,Port Carolmouth,29,237502
881,5,4,South Roberthaven,49,519281
3681,3,1,Adamsport,48,587094
4793,3,3,South Ashleyside,28,677097
4093,3,4,Elliottton,31,823021
3346,1,1,New Leeland,51,462483
4715,2,3,New Christinabury,94,821480
4233,4,4,East Nicholas,67,609113
2158,1,3,Karentown,27,677571
4717,1,1,Dodsonberg,6,160725
4263,1,3,New Melanie,82,320404
4852,2,3,Lake Sarah,16,616811
4840,4,2,Lake Allenmouth,51,823332
1176,1,3,Clarkmouth,95,139875
2357,3,3,New Danieltown,79,413434
4226,1,2,South Jeffreyview,92,534060
4018,2,4,North Tammy,52,932150
2447,4,4,Mendezland,54,479352
2433,4,4,Lake Kevinside,77,518898
3721,5,1,Nguyenland,33,165508
624,3,4,South Tracey,68,340955
4565,5,4,Harrisfurt,51,270425
2777,3,1,South Scott,20,114370
4044,4,1,North Joseph,73,266445
2136,5,4,Sarahhaven,26,126367
2762,1,1,North Michaelburgh,34,375870
4960,3,2,West Samanthamouth,80,68822
3263,5,4,South Joeton,48,770462
2738,2,3,North Carlborough,45,707290
2746,3,2,Derekton,87,993314
4308,5,1,Andersonborough,86,875116
1776,1,4,Pamstad,54,283346
1593,1,1,Melissafort,9,57782
1627,2,2,Malonemouth,77,617109
3768,5,4,Robertfort,59,387838
2781,4,4,Lake Janetport,42,985667
1479,5,4,Lake Ian,82,485053
596,4,4,Deanport,98,780586
2026,3,4,Atkinsonburgh,16,180325
1750,4,2,Johnmouth,0,202219
3269,3,1,Jeffreyside,9,257603
1067,4,4,Lake Theresaton,32,862921
3886,1,2,Michelleton,9,233110
1078,1,1,Richardton,75,467916
4116,3,4,Ballshire,91,291473
1886,4,1,South Marcus,85,237895
1266,5,4,North Hannahfurt,21,729774
4595,5,4,North Derrick,9,282507
1740,5,4,New Rebeccaville,39,177574
2823,5,1,Christinatown,97,531015
4142,1,4,Port Lisa,62,969413
725,5,3,Hernandezstad,5,390375
3753,3,3,Jasonton,60,860989
3359,5,4,Teresaburgh,92,471096
4547,1,3,East Larry,45,859243
4994,1,3,Williamsbury,68,879936
2104,1,3,South Brandyland,14,517793
4678,2,3,Lake Tanyashire,11,980642
4380,1,2,Ramirezburgh,67,798396
662,1,4,East Dorothyside,21,999354
1693,1,3,Anthonymouth,92,662906
3019,4,4,Alexstad,70,713072
512,3,4,Ingramhaven,9,991038
4318,5,4,Turnerfurt,93,246324
780,1,2,Boltonland,10,836470
2457,5,2,Lake Samantha,89,502307
2054,5,3,New John,10,486508
3163,3,1,Cardenasstad,2,292741
1129,1,4,Karenfort,77,970541
3468,1,4,Markborough,98,200477
1218,4,1,Lake John,84,356628
4265,4,4,Port Annashire,49,451945
3956,4,3,Clarkburgh,95,956526
735,5,3,Lake Benjamin,57,306922
3068,1,4,North Markbury,39,331539
675,4,2,Valentinehaven,11,186770
3196,2,2,Garciaport,75,370378
4395,2,4,Millershire,89,380392
4122,3,1,New Carolburgh,91,763764
3990,2,2,New Lucasborough,8,738518
584,5,4,Leahhaven,85,67875
3075,1,4,East Julie,86,677471
3941,3,3,North James,96,58114
1420,4,4,Lake Kennethhaven,93,742336
1915,4,2,Baileyview,100,62353
3600,5,2,North Shawnville,68,275449
1358,5,3,East Samuelhaven,46,762274
2366,3,4,Knightville,57,349983
2317,2,2,New Johnbury,65,820325
1644,5,4,Stephensport,61,354661
1309,4,2,Leetown,98,164326
844,3,3,Racheltown,3,778250
1129,5,3,Matthewstad,88,768151
3031,3,3,South Melissa,69,229467
542,1,3,North Elizabethshire,97,137608
582,2,2,New Shelby,80,839670
2072,4,3,Davilabury,96,389096
3393,3,2,New Cameronhaven,40,66533
1026,1,1,New Edwardberg,45,487306
4998,5,1,South Kennethburgh,62,874267
2475,1,2,Johnmouth,7,64290
3595,1,1,Evelynport,44,904116
4836,5,2,Sergioside,7,571584
2580,1,2,Griffinmouth,57,439424
3931,2,3,Port Daniel,80,192744
735,2,2,New Eric,80,790945
4083,4,4,Gilesstad,22,260133
718,4,2,Lake Juliehaven,94,142485
1828,5,3,Annmouth,38,474644
1455,3,3,Lake Nicholas,49,812501
4749,2,1,Shawborough,7,332621
1752,5,3,Lake Erinside,3,591663
3971,4,3,Elizabethview,12,244628
1324,1,1,New Jenniferbury,34,230418
3771,2,1,Richardchester,98,156524
926,4,2,Marioview,56,427355
4090,3,2,New Ericfort,74,409256
797,4,3,East Sarahchester,30,651356
1846,4,2,Lake Christopher,98,255029
3158,5,1,Danstad,95,99920
1177,1,3,West Christy,35,426835
1178,1,2,Lambertmouth,39,479524
4673,3,4,East Stevenville,99,729189
842,5,4,North Paulaville,2,321352
1425,2,3,Smallmouth,55,55242
3643,3,1,Port Davidside,25,560851
1069,5,3,Lake Christopherborough,25,124166
1619,1,1,Luismouth,41,504043
3981,5,1,Haydenton,86,160096
4558,5,1,West Dianaside,16,128994
3528,2,2,North Deborahport,53,558189
3279,5,4,North Alejandro,18,732925
2755,1,1,Port Jennifer,81,655918
3464,4,2,Port Samanthaport,72,335128
1353,3,1,Jonesborough,36,451784
2933,2,3,Sheilaburgh,15,267767
2032,3,3,West Daniel,54,166848
892,1,1,East Stephanie,13,974059
4369,1,2,Haleystad,94,921041
639,3,2,New Timothyborough,90,913428
3050,2,1,New Adamfort,57,496455
3787,2,2,Lake Jacobberg,37,623528
651,2,1,Ericaside,18,844667
1102,4,2,Port Spencerstad,59,975237
2027,1,3,Matthewschester,26,489547
2491,3,4,Lake Shelly,90,598468
2387,1,1,West Johnbury,83,808598
2689,4,3,New Matthew,93,641549
886,3,4,Lake Tinafort,94,720836
4593,5,4,Bellfort,18,260088
4346,2,2,New Jason,18,738505
4800,1,2,New Jeffrey,50,993283
3368,3,2,Lisaburgh,65,577349
1231,4,3,Thomasland,59,890472
3000,5,2,Greenhaven,48,485460
562,5,2,Campbellhaven,63,594945
2537,1,3,Grantberg,87,598171
4115,5,4,Williamfurt,10,456005
815,5,2,Cookhaven,0,374556
1555,2,2,Jacobhaven,78,489363
2540,5,1,Madelineside,63,998692
4713,2,4,Port Brettside,91,825695
4496,1,3,Lake Vincent,72,723836
1044,3,3,Lake Kristopherborough,21,838695
3137,1,1,Lake Laurachester,37,81968
3833,2,3,Michelleside,56,222993
574,3,3,South Victoriaside,10,392480
1065,2,3,Robertfurt,24,467280
628,1,4,Loweview,97,105994
3955,3,4,Stephenport,35,655625
1203,5,2,Gamblefort,88,469168
1289,2,1,Francoton,22,122266
3829,3,3,Port Sophia,95,541261
577,4,1,Helenbury,53,225133
4075,3,3,Christopherside,96,519743
2591,4,1,West Sean,36,944614
1543,1,2,New Kaylaside,98,532831
2082,4,4,Williamshire,31,588659
2957,3,2,Drewmouth,20,590708
4087,1,2,Lake Laura,45,521007
4671,1,4,Lake Mariatown,63,971813
1523,2,1,North Craig,58,568090
3579,4,1,South Cassandrachester,27,394605
2419,5,3,New Justinton,81,456059
3383,4,2,East Johnton,79,345944
2252,1,2,Justintown,87,574380
4250,5,4,Baileyton,32,163875
4378,5,4,Laurenhaven,98,945546
4357,3,3,Castilloshire,53,874841
4598,3,3,South Carrieborough,38,673325
741,3,2,North Christopherbury,94,954834
968,2,4,Gregville,38,146657
3301,4,2,Masonhaven,15,283506
1887,1,3,New Christinestad,9,883917
1279,5,1,Davisshire,81,983062
2141,4,2,New Bryan,54,798857
3717,5,3,Mooremouth,48,128605
4504,4,3,New Bobport,19,913631
4804,4,2,Port Jamesbury,40,137707
2545,4,1,Port Stephanieberg,21,757342
1209,4,3,Johnhaven,88,500155
2100,4,1,Castilloland,72,278891
4822,3,4,Wardburgh,85,707513
1829,2,3,Halltown,4,914889
1642,5,1,Port Cheryl,88,56329
581,4,4,Tonymouth,35,994765
1126,1,2,Clarkview,55,798716
3658,1,4,Lisachester,61,199134
3287,4,4,North Matthew,77,871359
1092,1,2,Adamside,6,916603
2361,4,1,Lake Joytown,59,347506
3193,2,4,Hartmouth,74,827251
2730,1,4,West Rachael,33,474423
2408,4,4,Nelsonfort,100,120081
4435,5,4,South Pattyport,45,592444
1808,2,2,Frankside,65,873440
1757,2,4,Biancashire,27,244333
1981,1,4,New Rebecca,98,651787
4723,5,1,North Frank,93,478330
2195,5,2,North Charlesland,30,803850
3220,5,1,Port Breanna,34,667471
4485,5,4,Kathrynton,29,218421
4723,5,4,Matthewstad,54,742988
3354,2,1,Spencerburgh,22,933849
3137,2,4,Port Jessica,80,614373
3141,4,2,East Johnchester,85,338710
3043,1,4,New Michaelburgh,47,817487
4576,4,1,North Teresahaven,72,107918
3807,4,1,New Royhaven,87,327085
1837,5,1,East Joshuaview,80,994341
3951,2,1,Jennifershire,73,762609
2999,5,3,Johnside,6,607454
4814,3,3,Stanleyland,64,684495
1259,4,3,New Carolville,55,149163
2536,2,4,New Joshua,0,246068
4650,2,4,Lake Abigail,19,420953
2619,3,1,Deanside,44,380210
555,4,3,East Aliciamouth,97,633187
2426,2,1,Finleyfort,1,346817
4198,1,4,Jessicaville,88,337104
4348,5,4,Michelleside,71,263819
4793,5,2,Johnfort,23,979167
2186,3,2,Davidville,74,238244
3145,5,4,Lake Gregoryfort,6,75199
4235,3,2,Franklinburgh,68,876184
4483,3,1,East David,91,214633
1187,2,1,West Elizabethton,23,688524
4002,2,3,Robertburgh,26,817398
1977,3,4,Lonnieborough,27,56911
4843,2,2,West Johnmouth,56,204186
4719,2,3,Sandratown,2,863374
3351,3,1,Gomezmouth,52,859498
3590,1,3,Luisside,1,644871
1097,3,1,West Samuel,73,444282
1249,3,1,West Jennifer,5,222403
1161,5,4,West Jay,84,426828
3886,2,1,Richardshire,82,129500
3438,4,2,Cherylview,63,157428
1098,1,3,Oconnellburgh,78,465034
3944,5,3,West Kathy,19,260753
1815,3,4,North Sherry,35,394585
4887,1,2,West Jason,86,868804
4223,2,1,New Christine,25,289763
4953,2,1,East Todd,62,349579
3320,3,3,Michaelbury,96,210531
1921,5,3,Jameschester,0,242728
4715,4,4,Annetteside,55,110461
1961,4,1,Chungville,35,529590
3401,3,2,Patriciamouth,26,372609
1242,5,3,Port Elizabethland,8,544024
3099,1,2,North Adam,31,320307
2328,3,2,Parkmouth,3,838150
2664,5,4,Howardton,89,180910
2024,5,2,Wilkersonland,0,693733
1335,5,2,Lynnburgh,38,627443
1305,1,3,North Allenshire,74,682820
1611,1,4,Elizabethmouth,67,393497
4909,1,3,West William,85,128072
615,2,2,Robersonshire,15,673870
729,4,3,Youngside,39,58164
2017,1,1,Levimouth,100,538390
896,5,4,Rubenfurt,84,361494
4571,2,4,Sethborough,59,852117
3982,5,4,Arthurshire,92,711827
3202,5,4,Stephaniemouth,91,604064
4426,3,3,East Richard,0,926674
1647,2,3,Lake Zacharybury,95,688812
2399,5,4,Smithmouth,83,272601
4249,2,2,Hannahview,86,882673
3500,4,2,Jacquelinefort,73,423435
1797,2,1,Ramirezview,69,207718
2932,4,2,Christophermouth,67,277895
4264,5,3,East Deanna,96,976312
4555,5,1,Boonefurt,47,275638
4347,2,3,Port Emilyfort,18,328775
4301,4,4,West Michaelside,97,779181
3305,3,4,Lisaborough,41,894574
1015,5,3,Collinsland,40,663068
1846,3,2,North Teresa,53,394757
2370,3,1,Marissaburgh,20,572238
4760,2,2,Robertmouth,43,752545
3343,4,4,Bennettborough,95,691476
4164,4,4,South James,19,406350
1733,2,2,Jonesfurt,75,497512
4253,2,4,Robbinsmouth,66,398064
3751,1,3,Port Michael,24,953687
4483,3,4,Lake Tyronehaven,97,394257
1654,3,2,East Dylanmouth,36,888933
1222,5,3,Port Kim,95,151128
1650,3,4,Port Mark,25,856948
1541,5,4,Kristinabury,31,214211
1905,1,3,Port Davidhaven,95,699477
1491,1,3,Moodyland,65,343393
1960,4,4,Mariaview,2,385698
2220,2,3,New Leslietown,41,254625
2494,5,2,North Meganfurt,74,260206
551,1,1,New Jason,34,52439
1674,4,1,East Andrea,9,867355
2892,1,2,Martinmouth,65,807035
2981,3,4,Holtland,37,442127
2575,2,4,Garnerberg,16,476657
2130,2,4,South April,0,322360
1980,3,2,Hillchester,53,378954
1584,2,1,East Michael,6,767807
523,2,1,New Nancy,92,250520
1054,1,1,Jonesside,69,231517
1460,4,1,Jasonbury,44,814817
793,3,1,Piercemouth,21,666235
3115,3,4,Brownton,0,307047
3698,2,4,Thompsonside,63,940588
3802,5,2,Jeffside,91,741198
3409,1,2,South Brandonmouth,32,763151
973,1,3,North Brandy,70,978811
2242,3,2,South Michelle,24,57753
3543,1,4,Cannonhaven,2,828101
3761,2,3,West Reneeburgh,95,857977
3205,2,1,East Courtneyside,3,336975
986,2,2,Madisonside,28,443410
1016,5,2,North Nicole,58,739435
4811,2,1,West Kathleen,2,719759
4240,4,3,Craigview,24,976929
1330,4,4,Jamesberg,34,75164
2706,1,2,Kennethmouth,73,876522
4049,1,4,West Jamesland,12,168292
2451,2,2,East Janet,14,332772
4145,1,2,New Kevinside,34,897256
1278,2,2,Courtneyland,43,359625
4679,1,2,Andrewfurt,89,734150
1844,1,1,Port Haroldmouth,79,257482
4553,2,1,Reginaldhaven,26,723824
4595,3,4,Port Christopher,16,69687
2730,4,1,Lake Maryfort,63,346791
1174,1,2,North Joseph,96,249421
4111,4,2,Johnchester,75,564590
4751,1,4,South Neilhaven,97,545785
1949,3,1,Port Matthew,85,176411
2984,1,3,Lake Davidville,43,620290
2716,5,3,Newtonshire,93,638765
620,1,4,East Sarah,41,213724
4867,2,3,West Justinchester,90,168500
4391,3,4,Port Danielshire,56,878351
3003,2,3,Port Jeremy,54,875396
4092,4,1,South Belinda,89,180969
4566,4,2,Torresview,8,513842
528,3,3,Johnland,61,350445
4375,3,2,Turnermouth,29,410863
2199,4,1,Charlesbury,60,411239
4097,2,3,Elizabethton,20,819557
1049,4,4,Port Linda,75,603069
4543,5,2,New Casey,100,711681
1654,4,3,Edwinfort,67,756162
3243,4,4,Morseville,41,337674
4022,2,1,West Deborahside,83,860162
875,4,1,Jamesberg,77,981659
1751,4,3,North Christopher,58,148443
3936,3,3,Nicoleview,19,989439
3034,4,1,Catherinefurt,63,477824
733,4,2,Hendersonshire,95,934426
2343,1,2,Millerside,30,233409
4997,5,4,Staciestad,86,806928
774,1,2,Nicoleshire,64,975896
3676,1,1,South Allisonshire,92,226633
2645,3,3,Michaelhaven,5,841030
3114,4,3,Michaelfurt,48,803566
3979,5,1,Port Juan,42,323425
2309,2,2,East Matthew,71,659934
788,3,4,Thomastown,61,836394
1898,1,1,Kimberlyhaven,15,505340
4909,2,3,West Nicholaschester,100,831865
927,3,1,West Ann,98,741731
3257,2,3,Port Davidmouth,61,521301
1806,3,2,Butlerfort,32,450761
789,4,4,North Bryan,23,279341
3157,5,2,West David,76,972035
1032,4,4,Jonesside,37,201671
1944,3,3,Haleyborough,31,970904
4244,3,1,North Kristen,38,388220
2435,1,2,South Ethan,71,815086
4228,4,1,New Laurenhaven,63,834629
2186,5,4,Brittanyton,72,566359
2994,3,3,Riggsland,58,170469
3140,2,3,West Teresa,43,382803
901,5,4,East Davidfurt,94,86404
3029,1,4,Holmestown,93,525231
3029,3,4,Lake Collin,74,373174
3987,2,3,Johntown,63,76512
4683,2,1,Monicashire,40,808743
4175,1,1,East Jonton,85,716719
4640,5,4,South Amyfort,33,76680
4725,1,1,Thomasstad,38,626232
2854,2,2,East Michael,66,871329
1868,3,2,Danieltown,84,688472
2902,5,4,Cervantesview,81,778801
4641,4,4,North Sarahchester,12,526155
1582,5,2,North Heather,13,380101
3826,5,4,Bryantshire,17,409992
792,5,1,North Julie,89,573535
848,4,3,Matthewshire,8,236126
715,5,4,Dawntown,42,655445
4021,2,4,Nicoletown,69,226784
2545,5,1,West Brittanyfurt,51,851286
1201,5,3,Port Jessicaton,14,813373
2377,4,3,Joelview,6,598974
690,2,4,Lake Karenberg,56,587362
1328,2,4,Armstrongbury,94,939334
4816,5,3,East Edwardhaven,79,454128
1551,4,1,Jimenezberg,33,881770
1184,5,4,Nicholehaven,36,717065
3474,2,1,Jennamouth,62,857258
686,5,1,Moyerland,51,359014
2130,4,3,Alexandramouth,19,968179
3201,4,3,New Crystalberg,96,887754
2264,4,3,Wellsside,90,214134
1267,1,2,Barberchester,9,212014
2188,5,3,North Linda,85,488458
3591,4,3,East Elizabeth,74,995693
4792,1,2,East Michael,57,238847
2561,3,3,Williamsburgh,36,436915
648,4,2,Boydtown,87,876705
585,3,1,Lake Jonathanfurt,53,343416
3278,2,3,East Seth,33,252193
502,5,2,Vanessamouth,100,914931
1966,1,1,North Marcusport,67,819228
1397,1,2,East Beth,36,847745
1516,5,2,Lake Kelly,88,246163
3864,1,2,Lake Jacobshire,13,335506
2073,1,3,West Michaelborough,97,321435
3977,1,1,North Robertberg,88,173138
3039,4,1,Scottmouth,97,133470
2845,2,1,West Matthewside,98,660517
4972,5,1,Millertown,55,656687
2722,5,1,West Matthew,73,131300
2428,1,3,Wilcoxshire,18,311476
3695,4,4,Jenniferville,55,304243
1409,2,1,North Michaelberg,29,248927
4214,3,1,Michaelport,58,305823
4627,1,3,Morrischester,95,261386
3270,1,1,Danaton,95,198026
2566,1,1,Schneidershire,63,102433
2289,1,3,Fergusonfort,62,127118
3177,4,4,Port James,47,642057
4689,2,1,Hollandport,35,968303
1762,1,2,Kristinshire,83,176071
4649,4,3,Jenniferburgh,14,399644
966,3,2,Allenfort,58,113284
2098,4,1,North Charlotte,64,66908
1699,1,3,New Richard,78,408301
3033,5,3,Lake Alexanderside,76,397354
3707,4,2,Christianhaven,11,308173
3944,5,3,East Richard,22,956710
4721,2,3,Harmonstad,14,354238
1435,2,2,Brandonview,43,178533
3383,4,3,Ethanmouth,21,772262
3889,3,1,Tylerborough,29,206949
4113,4,3,Bobbytown,91,67117
3050,2,2,North Timothy,14,616041
4524,4,2,Heidishire,93,477356
3468,2,3,East Ryan,22,376872
4934,1,3,North Chad,51,302125
2981,5,2,Joshuafurt,19,980382
4812,4,3,Lake Lisashire,77,961609
4337,5,4,Port Brenda,46,553041
2596,1,4,West Bradyland,32,297640
2102,2,3,Melissaville,57,897179
1423,3,4,Bridgetfurt,89,617180
2014,2,2,East Tinamouth,33,950582
1212,3,2,Huynhtown,50,161089
3249,4,2,Lake Charles,96,83817
701,1,4,Brownville,65,491936
4218,5,2,Castilloside,81,180456
3268,3,3,East Fred,76,643886
2902,1,1,Greenland,40,646573
2277,3,4,North Laurenton,44,889305
1072,3,4,East Kellibury,66,339988
3762,2,1,West Brian,87,984903
1116,2,3,Alexview,92,351876
2091,3,2,South Jessica,11,155861
2809,2,3,North Sharon,63,808975
4397,1,3,New Bryanton,45,919209
2342,2,1,Jacksonfort,0,416664
3171,4,2,Castroburgh,48,107199
3494,2,2,South Richard,31,987410
1210,3,4,Deanfurt,46,91326
2190,5,4,New Tinaport,79,261065
2129,1,2,Lake Heatherborough,41,523241
3431,4,2,East Michaelchester,86,854366
4746,2,3,Brownborough,13,519153
4596,5,3,Elizabethland,86,960434
999,3,4,Port Todd,75,678846
4963,2,4,Jenniferburgh,85,279574
3347,1,4,Carolyntown,15,980294
3691,3,2,New Richardville,100,501727
714,3,3,North Wendy,25,141988
1236,1,3,Ronaldbury,0,287939
1819,5,1,Elizabethmouth,18,701626
2863,1,3,Cardenasfort,83,990535
2009,2,2,Margaretfort,3,322739
3493,3,1,Lake James,39,196471
2684,3,2,South Samanthaborough,52,307972
2609,3,1,East Mary,2,477233
2292,4,2,North Ryanmouth,54,876380
4218,3,3,East Melissaview,13,411293
2848,4,2,Frostshire,89,657978
1676,1,2,East Alec,87,377290
1354,1,3,Lake Lisaview,81,277889
634,5,2,West Angela,44,276989
3729,4,1,Chrisshire,71,468372
3242,2,4,New Larryport,89,121114
3029,5,1,Charlesberg,77,706687
4514,5,4,West Teresaview,8,60684
3064,3,1,Jonathantown,18,324665
4798,3,3,Santiagomouth,24,375088
4911,2,1,Jessicahaven,73,186269
1718,1,4,North Kelsey,2,960860
2294,1,1,Anneside,88,101043
2457,1,3,West Joel,10,58659
2199,5,1,West Amanda,42,499250
1494,2,2,Rodriguezstad,82,691013
1759,2,2,Robinsonport,87,501557
3971,2,1,East Amandafurt,26,370400
2696,5,3,New Larryshire,100,863167
3631,5,4,New Josephhaven,70,551685
2028,5,1,Port Michaeltown,27,901113
2448,4,4,Deanburgh,76,611092
3011,3,1,East Carolinehaven,3,419766
4331,1,4,Alvarezchester,71,117989
4442,4,4,North Stevenstad,55,130391
2842,4,1,Kramerport,31,219475
3834,1,3,Michaelmouth,39,205011
2495,1,4,Cooperchester,58,117676
1412,4,3,Joyburgh,96,322556
962,2,3,South William,32,809872
3720,4,1,New Kathleenport,41,496473
3862,1,1,Port Christopher,14,387108
3035,4,2,Mollyport,72,311682
3993,2,3,New Mary,59,387147
1317,2,2,Lake Brookeburgh,1,985906
4946,5,2,Brownmouth,100,437469
765,3,1,Thomasside,3,571837
1331,1,4,East Brenda,76,127989
3092,3,4,Smithfort,93,185512
1980,4,1,Potterstad,79,534089
2130,5,3,Chloetown,63,429253
4083,3,4,Barnestown,54,556030
2139,2,4,Port Raymond,91,148662
590,1,2,North Tammyville,69,352314
3037,1,4,Garciachester,57,595019
2968,2,2,Port Robin,31,287920
3762,3,3,Port Toddshire,35,346853
2705,4,3,Sanchezborough,63,608822
2113,2,4,North Lindaport,70,651735
4486,2,3,Millerton,74,512455
3509,3,4,North Michelleshire,44,221145
3664,3,4,North Danieltown,70,499162
2195,5,3,North Joseph,55,759757
2094,5,3,Michaelshire,25,416991
4707,3,3,Loribury,61,570700
827,4,1,South William,55,71673
1707,4,1,East Melissaberg,25,739328
3504,2,2,Johnsonbury,76,795271
3607,3,4,Francotown,50,554948
1031,1,2,Kellichester,72,945946
4292,5,1,Jamiebury,69,243727
1806,3,3,Larryland,98,192010
3367,4,4,Morrisonhaven,35,747634
870,2,2,Kimberg,59,950655
1565,2,1,Hubershire,44,437644
3975,1,3,Grossfort,58,421698
2755,4,3,Tranchester,73,488102
1927,4,2,Carlosbury,33,207875
1078,3,3,Phillipsmouth,89,109566
4574,5,1,Elainehaven,92,567139
3129,1,3,Coleside,28,632957
675,3,4,Stephenchester,46,144084
767,4,1,Fordland,25,99355
3676,1,4,East Josephberg,45,875170
2753,2,1,Debbieshire,65,763084
761,4,3,Coreystad,29,659866
2797,3,2,South Micheleview,20,782280
570,4,1,West Jenniferfort,85,249235
4991,1,2,South Steven,27,688235
2737,4,1,Lake Nina,57,585575
3385,4,2,South Joanville,67,825696
643,4,2,East Jessicaport,3,251104
3524,1,1,Mitchellmouth,40,892866
2574,2,2,East Brianastad,82,699177
3094,4,3,Thomaston,68,302381
730,1,4,Youngville,91,699955
3334,3,1,East Lindafurt,100,801806
2426,2,2,Mcdonaldfurt,40,149496
4482,1,3,South Debrabury,7,183444
504,3,1,North Mariaton,13,523644
3188,2,4,Haleyfort,59,74610
2248,2,1,New Christopherport,33,622272
4139,5,2,Russellmouth,71,575089
1842,5,2,Port Colin,15,859496
1825,4,3,West Lindafurt,81,723245
778,5,2,Stoutbury,13,876839
1496,5,2,Lake Heidifort,57,529907
1085,4,1,Brianfort,61,721042
1926,1,1,Robinside,92,305459
2495,4,1,Jenniferberg,99,625162
2345,4,1,Barbaraberg,37,110688
3133,1,2,Nicolaschester,80,961210
1223,2,1,Smithborough,69,332224
3743,4,3,West William,35,441949
2602,3,2,Levinestad,38,569362
983,2,2,North Jessicaview,80,932246
780,5,3,Mistyburgh,92,570760
3175,3,4,Ramirezhaven,34,205121
3867,3,3,North Ryan,18,676147
4390,5,1,New George,42,764772
3527,5,3,Lamberthaven,81,913477
1620,4,4,West James,52,376679
3518,2,2,Johnsonborough,60,734142
2432,4,4,New Robert,89,180878
3295,4,1,Port Mike,29,81580
1577,1,2,Lake Benjamin,1,424846
3278,3,1,Port Johnathan,99,489745
3264,5,1,South Marymouth,4,709115
4594,2,2,Lopezberg,3,207207
3675,2,2,Nicoleton,89,779863
4033,4,3,West Katrinastad,45,854141
4031,4,3,Alvarezhaven,20,270578
1004,3,1,Youngland,63,452078
2906,1,4,Navarroshire,24,364578
1676,2,4,Perrymouth,25,145780
3268,5,2,Kirstenside,19,617439
3081,1,3,Jasonland,3,923085
3343,1,3,New Brittany,39,269861
931,3,4,Jameston,4,942430
2617,5,2,North Kelly,20,647463
2998,4,4,Lake Davidshire,72,921345
4606,3,1,Piercefort,50,114405
3619,1,1,Lauraton,79,825508
3909,4,3,North Charleshaven,60,338444
668,2,3,New Edwardville,94,737169
1239,5,2,Port Jenniferfort,7,213479
4087,1,1,Port Sharon,64,200423
4320,2,1,North Nathanview,3,954220
908,4,2,Torresburgh,78,664271
4691,5,3,Cunninghamport,98,213355
4070,5,1,Whitemouth,90,856307
1989,3,3,Terryview,10,524399
2543,5,1,New Douglasview,69,468331
2980,3,2,East Alexanderview,76,780874
4546,2,3,New Peterport,51,149740
4688,5,1,Rogersbury,48,619111
2442,1,3,Lisaview,95,670729
3152,3,1,West Lisafort,67,879589
2585,5,4,Port Lisafurt,78,335493
1142,2,1,Lake Jane,75,887692
2149,4,4,Ryanfurt,10,451296
3593,3,2,Clarkfort,18,937735
3326,5,3,Paulashire,34,811557
2975,5,3,South Briana,79,839745
4144,4,3,South Priscilla,18,702544
857,5,1,Henrybury,13,671291
4202,5,1,Port Alexander,10,838618
784,3,1,Lake Michaelhaven,16,605928
3614,2,3,West Dustin,42,483252
1715,1,2,Petermouth,8,781683
1140,2,4,New Alexandrialand,40,954091
3205,2,1,Saundersmouth,100,270980
668,4,1,Amyland,62,585454
1913,5,2,Johnburgh,60,149797
1727,1,1,Robinsonside,13,527346
2510,1,4,Port Marco,54,982985
1236,1,4,Port Amy,100,388760
737,3,3,Ashleybury,43,785842
1597,1,3,Robinside,39,530739
2907,1,3,Kathrynside,51,569719
1194,2,4,New Brookeburgh,22,265390
1129,5,3,Garymouth,4,899820
2143,1,4,Port Eric,66,184144
3451,3,4,Lake Lisa,12,312771
3699,5,1,Martinezland,32,428924
2005,1,1,Lake Richardborough,90,773522
4638,1,3,South Lindafort,99,398600
